random_A,random_B
25,40
11,91
78,10
51,21
20,26
67,75
20,41
32,66
5,21
59,79
82,57
24,24
65,16
68,41
53,53
25,98
90,94
15,9
21,81
53,48
99,16
43,42
30,8
38,50
29,37
67,57
91,46
13,49
23,87
87,85
2,83
41,86
51,43
54,51
3,76
93,5
2,46
92,23
37,80
59,62
46,81
1,53
86,17
90,40
1,44
60,44
58,52
16,63
95,28
81,44
45,29
17,73
22,36
81,5
57,54
21,54
57,94
50,10
56,36
6,57
30,46
8,66
23,91
44,59
27,27
40,62
44,36
67,64
97,53
76,10
59,62
66,38
8,50
9,17
27,89
58,91
21,38
82,16
58,25
26,13
9,60
55,58
4,26
95,38
22,70
20,27
11,71
84,36
68,76
60,80
26,82
1,50
80,77
90,15
70,29
17,76
40,98
12,38
65,14
0,90
52,22
39,74
22,48
35,59
59,24
29,1
46,51
54,36
8,69
22,15
58,14
96,21
45,8
63,20
23,27
3,10
65,45
93,38
17,100
18,97
31,32
94,37
38,47
44,43
39,63
79,49
80,8
75,100
50,49
78,26
93,26
52,33
85,6
63,16
22,54
0,63
44,43
24,7
45,52
94,27
31,22
11,21
92,76
45,68
98,88
31,29
77,26
85,55
57,44
43,45
14,13
8,10
6,77
48,40
7,69
21,29
95,84
87,5
30,18
73,83
35,17
98,81
65,94
64,69
31,6
72,83
40,0
22,46
17,98
19,88
60,77
57,96
94,24
38,70
14,26
91,14
30,33
51,41
64,36
25,24
38,56
62,16
97,92
23,36
96,39
20,59
12,25
86,91
72,64
34,29
91,52
51,92
61,56
10,65
86,48
26,63
52,81
13,44
59,80
22,63
32,39
29,17
23,47
64,86
69,93
96,63
86,59
100,20
82,36
66,24
61,18
35,47
68,84
1,72
89,34
13,35
82,24
83,96
34,62
72,39
49,14
29,25
14,92
33,54
6,28
58,77
82,91
0,69
52,79
63,77
80,13
1,86
53,26
83,41
91,78
22,87
23,38
35,83
68,55
27,50
1,21
75,9
25,28
2,32
91,16
15,41
65,88
92,49
98,7
29,3
67,3
78,64
48,39
4,14
21,62
55,33
67,26
22,60
3,66
38,1
32,7
96,4
93,29
51,83
88,45
81,39
25,57
25,46
22,61
76,12
35,82
97,43
60,71
98,50
92,29
61,48
87,44
82,56
72,60
75,80
89,91
3,74
14,67
13,74
67,38
88,39
15,37
77,5
34,24
56,65
40,77
87,52
63,30
37,38
44,5
63,17
43,13
45,20
44,19
63,67
77,81
1,1
62,99
42,12
55,47
41,22
86,3
15,63
0,64
97,81
70,51
89,84
10,53
63,36
30,62
20,8
32,54
50,68
26,49
42,53
63,61
77,81
17,98
27,13
0,34
78,11
2,3
92,25
25,47
45,19
65,28
76,38
31,10
3,15
84,94
29,39
64,66
81,12
76,81
68,96
78,54
49,81
20,99
78,56
8,86
91,40
12,83
19,98
76,32
82,86
99,24
47,75
63,21
6,3
97,14
30,41
86,98
32,42
83,26
52,100
12,44
95,37
88,61
47,89
100,30
27,10
61,43
28,54
90,57
79,91
64,35
54,10
42,12
19,58
39,44
58,53
88,65
64,84
88,61
92,87
77,81
21,2
3,23
39,61
92,8
5,84
68,0
78,83
17,44
64,44
33,0
76,81
24,20
66,62
58,57
60,23
24,40
65,30
58,20
23,70
60,22
30,70
93,94
93,27
70,5
98,73
46,40
81,63
16,71
64,79
89,30
17,42
42,90
85,97
39,72
51,100
18,9
19,32
70,78
12,92
69,89
8,10
76,93
37,61
33,66
57,54
67,12
39,61
77,16
67,11
53,12
99,71
54,48
50,10
16,93
26,24
53,74
7,87
63,26
34,75
81,28
42,35
3,77
99,70
8,94
41,89
31,91
49,99
53,98
43,44
68,92
22,49
90,58
4,98
99,66
36,100
4,50
62,27
39,7
75,42
32,64
49,40
17,71
36,11
55,79
73,77
71,53
35,31
93,91
79,32
4,5
38,2
36,62
16,28
55,7
96,58
50,43
36,49
95,1
67,94
52,8
20,60
33,53
43,47
14,92
50,91
62,93
47,23
98,41
92,5
55,48
91,21
91,51
33,31
16,18
45,60
34,86
9,5
42,62
76,71
73,84
64,14
43,47
75,56
41,53
97,52
25,27
30,14
29,51
37,53
9,30
69,77
40,81
31,40
76,33
95,57
89,73
23,46
50,62
17,69
68,17
87,33
18,19
61,53
54,27
93,11
87,55
49,54
81,89
78,8
53,56
76,50
86,97
44,76
36,73
72,62
6,97
34,26
98,21
83,70
6,100
31,83
19,95
65,1
78,79
11,70
95,38
87,26
59,54
92,44
95,42
91,90
35,95
8,91
99,0
46,88
61,100
99,30
6,82
5,61
10,45
39,32
55,67
29,67
61,69
65,38
58,74
26,48
41,47
84,80
89,46
32,97
77,42
97,32
63,99
4,100
97,7
80,24
29,36
11,52
85,82
96,58
85,7
84,60
100,54
44,80
84,60
97,83
55,53
44,10
22,90
8,8
64,93
96,25
62,25
94,55
64,39
53,40
73,36
12,5
21,24
17,89
15,7
71,36
83,95
22,5
13,24
51,81
82,84
41,61
3,65
22,90
67,17
45,93
95,28
32,28
0,84
98,20
3,49
69,56
34,24
34,86
41,76
6,88
74,75
69,1
28,38
45,93
42,100
24,55
34,7
49,41
7,88
71,46
97,66
14,78
67,68
33,49
16,65
43,38
57,19
84,37
77,9
42,49
17,46
48,23
99,65
33,1
52,100
36,10
85,60
22,90
89,85
6,44
26,54
57,70
34,74
9,94
57,87
43,97
55,20
13,18
95,53
3,95
65,82
100,92
89,16
79,45
25,60
12,89
0,15
2,82
94,60
30,40
75,69
9,23
52,48
13,72
87,34
60,76
4,61
80,38
5,88
54,71
24,52
12,82
12,25
93,38
98,31
85,29
49,100
75,39
67,50
57,13
77,65
70,5
11,75
19,7
29,22
13,67
93,48
49,91
39,24
53,27
55,78
79,19
9,95
50,11
75,20
15,79
4,30
77,51
70,49
47,34
31,63
42,37
16,36
46,33
54,7
63,61
21,70
56,31
14,29
44,91
86,62
55,80
82,28
30,51
93,46
39,16
79,77
14,40
13,1
1,53
8,72
39,92
30,48
77,72
28,40
62,16
75,38
70,7
45,58
8,39
88,7
86,92
100,40
10,62
67,100
14,10
60,15
50,94
90,80
7,73
52,5
17,19
76,1
57,36
25,85
97,64
75,48
73,22
64,25
56,49
56,31
18,39
60,61
60,98
25,74
15,57
12,11
41,24
50,59
88,16
94,3
73,69
41,84
33,59
89,86
71,66
65,64
47,23
26,33
66,10
23,77
72,5
82,31
38,61
98,7
31,55
52,17
0,51
4,91
86,10
36,24
83,8
19,67
42,59
28,34
19,7
8,92
39,27
93,75
97,7
6,99
3,52
35,93
98,52
26,33
14,81
32,66
54,18
97,80
22,73
40,87
31,56
25,31
85,36
35,59
4,0
2,94
100,10
86,36
33,26
63,58
11,52
14,59
49,91
21,17
8,67
59,62
65,41
28,30
14,51
81,48
17,14
54,36
48,30
97,41
38,53
35,69
10,3
67,52
26,98
91,90
99,41
23,74
77,47
60,73
98,5
77,27
90,86
24,67
89,43
70,59
4,40
34,69
12,50
83,27
5,27
99,7
43,42
81,69
48,46
57,9
19,24
40,32
96,84
48,93
37,59
81,34
34,79
20,78
81,49
14,12
14,86
94,95
59,73
76,94
89,43
49,28
21,12
81,21
76,79
87,1
70,65
56,63
94,29
38,70
51,39
41,54
92,93
28,30
65,62
33,58
95,32
31,14
63,65
40,56
95,8
72,43
4,26
9,22
64,71
96,4
0,41
21,85
19,68
72,27
7,86
38,96
56,39
29,2
20,47
88,87
35,64
56,42
97,33
35,25
57,27
79,30
46,42
82,87
87,92
2,65
40,56
68,51
60,13
92,57
1,68
30,11
65,70
59,49
5,53
41,16
51,58
76,47
29,29
96,56
20,44
52,14
23,33
42,91
38,72
24,46
87,67
47,43
36,62
79,50
67,46
29,86
8,62
55,73
35,10
4,23
61,17
75,83
2,47
8,91
32,52
82,33
77,66
81,69
49,41
22,33
62,9
54,34
90,65
44,41
93,19
84,54
77,84
37,39
39,79
53,61
31,37
67,88
71,62
62,54
1,72
59,74
99,51
42,11
5,68
36,1
26,10
81,23
57,38
75,43
59,5
6,57
98,46
4,5
87,81
44,64
47,94
19,90
100,17
56,30
80,41
3,27
26,76
98,13
43,74
89,55
33,44
88,21
42,23
92,96
27,48
78,86
80,5
53,12
42,0
10,17
71,72
91,8
96,61
68,45
38,33
71,32
28,33
34,45
3,21
92,1
70,46
74,39
25,6
84,5
65,35
40,12
61,28
49,29
41,14
8,43
58,25
48,58
23,30
23,62
48,94
61,99
89,67
84,2
60,22
80,100
0,61
61,4
79,5
59,38
49,53
5,39
70,96
37,15
81,10
35,40
74,96
85,67
100,36
3,49
38,43
86,26
39,36
2,4
45,39
91,43
92,65
2,74
16,2
90,72
65,29
52,39
30,67
4,52
61,74
48,10
39,81
23,34
58,89
21,49
32,79
94,97
33,55
64,75
57,51
37,53
18,93
2,99
42,40
99,94
34,35
3,3
31,17
88,38
11,90
3,26
52,68
58,37
73,74
55,0
24,60
19,51
60,82
7,63
99,21
27,14
20,36
85,78
66,88
22,97
8,88
24,92
26,64
93,71
93,34
46,4
77,22
48,48
57,75
0,72
18,89
92,47
3,17
13,58
3,64
16,33
93,44
9,23
40,4
10,7
77,42
75,72
63,77
7,16
79,90
14,50
29,86
82,56
13,71
96,82
89,53
96,21
49,21
27,83
29,15
84,6
65,81
49,99
45,9
50,49
74,92
95,52
55,40
21,36
52,80
87,45
17,4
0,51
44,25
37,42
71,59
70,61
68,52
54,16
100,55
2,97
36,60
87,85
59,75
21,24
32,58
31,32
17,7
69,74
20,27
93,6
53,22
77,11
60,25
76,21
64,68
54,18
3,13
9,94
0,39
71,30
3,22
78,70
62,48
71,71
49,27
61,14
66,2
18,20
53,52
55,38
37,82
82,92
94,84
55,49
89,65
13,99
16,88
17,38
26,96
97,8
26,83
22,74
4,75
50,70
38,24
20,84
28,55
51,94
29,48
57,56
55,38
33,93
4,26
50,9
48,24
46,50
17,19
50,64
5,70
74,3
54,21
93,96
49,21
84,9
43,45
39,18
14,2
96,20
26,29
48,7
84,9
22,83
45,22
66,98
50,93
75,38
99,60
51,0
26,52
67,1
10,0
57,91
24,65
86,78
34,77
71,31
27,58
28,43
35,31
96,43
96,68
9,92
37,90
27,14
7,78
98,54
24,18
21,58
53,60
48,2
58,29
27,20
47,71
21,76
38,45
85,81
72,96
80,77
46,82
35,53
57,53
28,20
3,72
98,21
91,54
37,47
53,37
95,73
21,96
14,95
76,49
33,88
78,40
40,81
62,25
68,92
52,68
11,25
38,11
0,47
31,87
79,38
86,39
14,4
55,65
97,41
87,96
34,71
0,24
21,34
31,95
83,47
20,40
49,25
69,66
16,38
90,87
58,0
33,58
82,63
56,48
19,93
11,9
6,57
67,14
74,91
75,61
83,31
0,32
5,83
99,57
41,45
11,13
92,76
0,35
66,6
89,59
45,94
13,88
24,44
5,59
93,95
72,66
34,3
11,64
29,31
77,46
34,1
20,72
87,40
36,16
77,68
29,44
43,37
75,100
73,18
81,56
70,51
67,18
46,32
17,37
88,79
95,62
11,41
59,46
39,51
95,90
100,37
85,39
82,17
66,90
98,79
91,38
17,57
65,13
10,90
100,95
83,49
35,63
1,5
67,23
39,3
13,92
96,82
38,7
64,50
56,49
92,20
82,89
36,55
62,73
85,66
22,94
74,43
25,44
82,13
88,48
41,46
4,56
91,56
59,83
10,48
29,59
10,63
24,63
24,77
82,95
19,37
34,59
2,75
93,73
86,56
30,3
93,54
17,61
25,42
39,98
59,56
38,84
81,13
74,26
48,91
7,5
6,83
76,16
70,62
28,85
26,89
63,24
22,89
26,5
97,92
70,48
48,45
95,43
91,93
2,61
62,62
34,94
0,100
18,54
38,78
48,60
3,45
34,66
39,76
85,2
46,36
94,90
57,70
13,80
45,92
86,67
88,10
11,31
85,26
18,53
0,20
17,38
14,52
10,72
44,39
29,56
35,38
69,68
11,78
15,74
27,13
94,74
7,48
51,48
100,27
38,90
35,89
59,38
10,1
12,21
26,71
14,77
51,10
19,54
58,69
15,52
96,69
57,3
100,78
97,91
53,14
51,97
67,59
79,8
31,95
2,34
84,50
36,55
69,51
34,41
31,2
62,22
61,36
21,66
64,24
43,17
43,30
30,15
68,45
8,85
72,48
41,3
94,49
67,3
22,28
29,44
56,73
19,2
53,63
6,73
7,16
91,76
36,90
0,66
52,52
61,24
58,97
9,96
5,44
46,54
34,94
4,3
37,86
99,48
65,44
82,24
86,73
88,26
49,82
13,19
37,47
31,83
46,77
72,89
83,93
55,25
21,81
5,45
46,76
5,41
25,76
38,11
98,63
33,45
34,24
23,79
77,43
30,3
64,30
3,74
82,16
31,71
84,38
31,11
92,55
13,67
100,77
47,53
97,3
0,73
63,79
23,42
23,52
6,96
47,78
91,86
92,14
94,58
13,1
23,24
87,64
61,22
45,86
74,56
59,37
11,48
96,80
10,61
63,48
78,42
69,81
33,64
33,91
97,8
52,19
99,40
76,3
55,80
50,21
59,60
54,87
61,76
44,17
41,6
99,39
43,37
82,84
67,9
62,59
97,61
64,43
38,19
51,15
27,46
67,24
19,99
42,100
26,10
41,31
76,43
56,10
13,67
13,61
36,32
43,85
19,95
55,42
89,50
25,15
25,51
48,36
34,62
10,21
86,64
79,73
40,23
4,72
81,88
30,62
47,22
51,21
1,70
60,47
12,95
7,9
65,6
33,65
79,26
80,91
25,51
45,80
72,73
7,19
99,61
8,0
71,39
97,74
54,13
96,2
84,10
76,32
68,70
79,24
36,92
60,28
56,98
91,45
4,5
84,47
18,8
7,98
85,30
54,80
38,96
7,42
3,82
30,29
56,63
62,79
80,97
16,25
81,54
96,46
13,72
94,99
62,82
54,16
23,6
69,14
93,6
78,85
64,72
38,4
49,22
5,40
51,67
83,17
33,75
78,53
5,31
0,32
89,87
83,63
58,77
68,21
53,8
48,50
63,47
70,88
19,14
82,53
78,32
89,43
70,43
80,34
4,81
16,62
37,85
77,81
41,92
69,40
23,9
23,52
76,55
2,34
44,72
46,100
30,68
3,71
45,10
80,10
89,31
29,24
53,31
44,85
74,92
80,85
86,73
31,73
89,84
14,66
65,80
26,31
52,84
19,91
33,2
15,1
90,47
9,3
29,61
58,89
82,76
79,20
59,7
95,25
62,82
33,96
69,13
90,90
68,71
6,90
84,13
14,69
70,41
77,9
84,56
20,19
62,12
39,28
57,16
52,86
34,50
74,88
88,78
14,68
55,5
61,9
37,61
4,45
8,43
51,20
24,69
90,94
49,22
75,82
6,46
24,24
68,83
15,79
36,97
79,64
41,3
12,28
22,28
6,74
68,42
19,42
23,66
44,77
7,88
21,55
64,20
73,37
73,90
54,7
27,15
85,18
53,66
49,15
25,58
18,42
46,86
1,27
51,74
54,68
60,25
64,45
87,51
63,83
69,36
30,48
12,69
20,88
4,21
97,29
91,35
96,5
50,94
78,61
80,1
74,70
41,92
34,2
31,71
21,54
95,56
64,19
39,30
70,82
14,41
40,93
82,66
100,74
57,36
19,55
38,98
76,41
10,81
7,30
17,77
83,16
87,98
66,0
35,76
79,86
74,3
44,46
39,46
37,59
31,53
25,75
13,71
0,22
71,30
14,62
65,49
78,60
91,7
95,55
2,55
15,77
22,69
76,50
94,85
10,26
100,94
62,84
44,37
79,15
36,41
52,17
100,42
100,25
98,68
64,16
83,98
28,25
20,28
26,36
81,25
32,84
10,34
25,74
70,44
34,41
92,33
55,25
16,67
13,90
23,43
74,54
85,36
35,84
86,30
70,3
75,15
44,30
18,32
33,43
33,28
76,63
46,68
20,99
51,77
62,98
51,22
36,24
42,35
69,53
21,65
58,41
68,5
13,56
48,54
91,46
48,57
44,92
3,34
94,87
50,93
89,52
82,93
51,26
50,25
51,68
39,61
47,21
50,100
15,93
58,8
77,11
89,21
22,53
89,100
51,100
86,52
47,8
26,58
86,58
58,62
5,97
8,64
83,13
18,41
18,53
53,86
21,24
38,85
39,24
69,48
20,78
63,58
8,60
85,38
75,27
81,31
100,84
19,76
18,31
79,83
26,17
31,81
93,75
11,66
7,60
13,35
43,69
57,6
90,95
42,85
74,2
99,51
11,35
0,54
59,0
41,7
82,14
83,68
35,77
44,85
86,65
100,58
62,89
25,3
31,65
72,75
43,94
33,53
89,37
14,5
53,79
28,65
16,19
95,7
80,17
37,91
62,70
3,67
93,78
93,73
74,98
36,12
86,42
99,41
69,19
20,60
66,39
62,47
8,77
86,3
59,45
22,90
33,63
63,6
73,75
83,11
56,50
8,99
90,100
2,6
66,18
95,41
13,42
76,44
84,41
35,60
43,72
39,81
36,64
74,17
67,48
12,87
50,88
99,28
59,66
37,41
98,80
37,98
25,9
71,7
26,34
18,57
96,42
59,38
30,58
97,80
96,3
86,43
91,2
59,29
11,2
75,43
30,28
83,52
0,30
49,43
50,18
92,93
15,95
12,34
39,96
38,56
95,48
13,68
98,77
62,41
30,99
7,66
57,40
76,89
73,32
13,27
30,70
27,70
3,90
30,6
39,15
94,84
0,25
30,89
25,67
75,63
94,47
2,41
23,99
32,27
75,15
68,18
83,13
81,5
16,12
69,40
4,94
35,58
76,68
91,93
2,81
41,69
25,58
16,92
91,93
23,90
54,100
20,40
70,34
56,4
41,69
79,44
25,69
88,78
18,33
73,25
96,70
80,51
93,54
22,58
5,28
25,86
42,62
53,29
82,48
43,4
51,14
92,0
58,97
2,5
30,4
48,53
71,93
90,72
68,68
56,96
78,43
26,20
49,51
1,21
0,97
28,6
29,41
40,33
3,86
77,39
9,63
52,76
70,95
6,7
77,34
40,17
9,49
74,100
73,39
6,19
61,57
51,7
77,96
3,90
67,34
98,23
74,21
49,4
39,21
13,1
44,18
51,9
90,70
15,41
94,67
79,76
78,27
30,74
36,27
58,28
39,81
87,95
33,94
44,52
37,52
84,65
44,47
59,59
55,86
36,9
79,82
38,44
63,73
97,18
97,0
9,82
41,79
87,21
44,62
51,9
33,7
72,37
57,52
28,38
36,62
52,14
32,68
16,50
79,99
10,77
16,58
88,14
23,44
19,51
65,36
90,40
26,28
48,64
62,18
99,38
22,80
16,21
77,71
21,31
72,7
42,23
78,8
62,56
53,13
85,88
34,84
72,28
54,76
100,34
21,100
64,22
100,74
24,70
21,17
30,69
8,63
6,61
71,29
75,92
52,32
21,38
96,46
70,50
46,90
18,40
24,7
24,67
44,66
0,78
17,100
91,51
56,15
87,68
9,1
96,84
91,1
0,26
8,76
81,11
42,92
41,37
36,97
72,34
52,7
94,77
11,25
20,36
12,58
57,3
20,8
15,100
60,89
58,97
65,78
66,35
82,65
81,33
90,98
36,8
83,89
15,16
34,11
55,44
10,66
20,56
65,65
54,90
7,84
60,7
13,86
31,80
78,30
74,9
75,96
40,31
93,26
65,73
85,32
25,76
4,73
59,59
95,71
88,13
67,39
21,52
48,61
51,93
63,87
58,59
88,73
35,15
8,3
84,33
27,22
87,48
96,86
30,38
1,82
14,73
17,84
54,52
21,42
19,39
47,12
44,30
89,4
32,26
12,64
62,92
74,13
69,55
95,24
70,42
9,57
22,90
18,2
41,63
52,30
67,3
71,76
78,57
57,79
74,26
31,70
63,76
92,47
34,78
39,27
98,16
68,45
33,85
55,44
98,89
17,66
82,97
12,9
29,61
60,38
21,61
66,60
84,64
25,99
73,26
56,45
79,74
54,67
81,33
86,1
22,98
37,10
72,2
34,67
54,13
79,100
22,46
71,47
94,95
92,96
93,6
33,43
66,76
52,43
0,31
37,17
74,63
73,10
81,91
6,58
36,9
100,1
35,8
79,70
37,17
70,32
31,67
56,50
26,23
68,67
78,25
39,50
43,80
81,14
73,64
59,63
29,44
74,66
87,37
2,11
6,7
57,11
94,88
32,80
49,92
42,18
43,63
12,18
71,65
26,24
97,35
88,63
61,71
61,80
47,83
69,41
52,19
83,76
54,40
48,3
67,20
7,75
88,37
21,49
74,73
6,83
34,34
36,6
99,75
88,64
72,95
93,88
18,52
96,31
50,66
47,72
80,8
62,22
7,74
94,70
97,32
7,60
51,16
99,39
74,2
38,99
46,89
85,96
55,45
21,32
91,22
63,52
70,58
35,79
73,55
84,72
78,13
89,98
24,21
95,97
42,38
11,8
90,4
34,35
3,69
20,25
47,81
25,96
50,24
69,79
24,73
42,56
40,3
74,50
100,77
82,65
43,22
23,69
5,57
50,64
19,51
92,89
9,47
50,47
78,42
13,10
23,94
32,29
79,39
14,52
45,62
72,41
2,6
93,86
84,67
11,65
30,92
40,72
34,82
36,79
60,77
56,84
84,8
76,97
79,16
44,95
82,24
49,61
95,2
45,71
63,23
47,0
98,27
19,71
54,41
13,52
62,20
29,37
69,14
55,15
65,39
27,70
1,87
36,29
6,40
10,1
40,0
11,66
60,24
21,55
22,57
50,52
45,39
38,51
1,19
25,71
33,96
92,40
98,83
100,87
86,18
35,29
86,5
27,86
75,17
51,67
0,64
16,82
30,36
56,84
78,17
81,96
48,71
6,46
60,81
38,27
63,14
93,56
96,97
51,87
20,81
85,18
31,50
92,55
74,91
47,27
16,99
90,100
73,27
3,12
39,48
52,60
79,18
58,82
65,60
6,75
64,92
12,23
22,100
64,47
88,65
70,53
34,81
96,88
28,66
92,74
87,7
95,72
71,32
91,44
54,52
78,18
38,24
73,95
4,96
4,88
95,8
1,27
47,14
31,84
47,31
26,95
14,24
58,56
32,38
81,73
96,14
31,27
47,25
21,11
66,35
2,91
97,42
2,83
24,52
30,86
38,72
66,76
0,31
81,15
58,82
21,6
85,29
66,96
51,66
26,1
92,28
88,95
91,5
53,48
49,34
14,8
25,56
9,64
67,87
25,2
41,60
40,42
50,79
68,3
16,28
59,78
20,28
45,94
67,67
81,75
91,93
95,34
68,36
28,80
38,27
16,10
25,83
19,20
51,42
7,42
43,36
59,79
10,65
77,37
52,6
73,46
27,15
82,48
67,80
89,84
40,21
24,5
5,97
72,17
20,52
38,51
21,16
42,88
83,31
65,91
53,5
52,92
31,44
9,50
35,93
47,18
93,20
93,37
29,65
34,97
6,11
70,100
76,55
90,61
13,62
75,14
51,92
81,37
21,0
86,5
47,92
95,77
38,85
32,70
71,54
87,41
28,42
5,18
30,91
59,97
34,58
58,15
21,46
51,5
10,42
9,88
34,60
10,58
69,72
64,24
94,48
53,0
62,37
91,64
25,37
73,44
76,33
18,86
73,10
6,22
57,98
41,47
71,66
86,81
60,5
94,2
0,85
23,2
31,8
34,76
35,46
2,34
44,48
33,54
58,81
26,35
25,19
38,80
28,40
1,42
2,56
57,89
99,1
19,9
13,28
13,54
59,4
63,33
50,18
75,68
24,69
1,90
36,91
92,61
64,29
6,42
52,82
9,44
58,27
21,26
85,6
100,37
3,31
85,99
73,94
63,72
11,39
43,34
60,23
7,3
73,17
64,81
3,13
77,2
72,14
76,2
31,6
67,70
8,74
84,63
88,54
37,62
85,99
6,55
13,91
46,18
32,64
44,47
56,93
81,94
22,25
85,1
1,65
93,97
83,13
22,98
18,47
49,32
87,42
43,52
17,100
15,16
66,65
5,14
29,84
2,64
25,66
74,60
4,83
77,97
28,62
68,51
94,61
67,44
0,52
55,78
7,19
1,44
67,14
73,95
72,32
14,14
67,88
40,89
55,53
91,3
82,4
19,44
44,5
16,64
33,8
44,11
9,52
51,28
26,44
19,39
77,60
36,82
32,46
7,0
69,100
32,80
46,58
37,98
10,8
82,42
11,9
16,3
49,1
31,0
38,29
54,20
47,80
14,38
11,78
88,37
2,57
4,22
92,39
73,75
89,97
13,65
54,80
62,50
85,85
14,33
75,10
44,2
35,49
9,91
70,51
15,46
57,45
91,70
2,23
89,8
69,54
49,63
94,71
68,94
41,76
69,39
21,2
78,0
93,74
25,13
35,90
92,53
2,70
15,59
24,54
59,84
90,100
32,73
60,58
91,60
65,91
51,3
99,57
38,73
32,34
60,90
47,44
97,38
53,0
23,90
54,77
40,61
2,70
48,33
49,97
43,95
16,86
4,67
20,36
31,19
2,52
11,21
91,6
96,57
60,79
1,89
56,82
46,71
55,76
13,41
67,84
78,39
59,19
27,3
5,81
87,58
14,70
16,4
63,50
96,8
71,55
98,53
4,22
90,60
47,67
11,87
26,97
2,88
68,29
42,37
1,46
51,70
57,50
100,14
13,26
81,77
48,6
16,78
24,65
37,79
73,41
71,88
4,82
68,47
12,27
76,94
17,14
55,24
8,20
50,21
78,100
96,1
89,38
100,19
13,49
94,32
72,23
46,53
72,24
79,57
27,58
51,12
47,67
12,24
45,22
68,32
91,78
51,78
75,5
97,48
47,46
71,7
26,10
8,96
45,48
50,87
69,3
99,89
37,52
64,34
29,9
52,40
32,63
4,3
6,39
93,88
24,63
10,76
79,66
10,49
81,97
12,24
93,43
14,14
69,50
48,5
61,26
78,81
22,68
93,48
20,42
90,93
54,8
71,99
4,84
91,73
15,44
45,33
45,77
46,97
85,13
14,58
100,9
42,94
65,62
59,25
27,58
100,7
85,44
66,70
91,29
55,6
74,75
53,11
11,73
68,49
45,79
86,74
65,38
43,10
50,28
92,28
47,25
84,91
49,58
29,55
58,34
72,99
56,85
1,43
30,16
20,92
64,76
14,61
53,1
30,2
22,66
74,77
89,9
13,56
7,89
66,81
46,9
45,62
7,2
34,61
46,42
59,50
91,12
27,63
72,69
4,60
48,0
31,57
15,37
36,17
20,39
44,89
66,84
41,37
43,73
27,19
21,69
10,85
58,77
19,24
3,15
89,5
51,50
10,83
77,70
5,66
69,45
20,73
13,95
83,58
31,78
38,43
49,12
2,98
15,75
61,6
54,32
92,91
64,19
97,24
34,99
38,2
50,19
19,56
60,6
4,50
83,86
48,51
81,50
17,30
22,30
69,54
96,61
26,92
70,34
24,82
53,94
67,19
41,24
37,98
54,87
3,95
28,8
14,49
95,25
53,20
97,24
21,13
3,91
88,89
94,86
38,6
27,61
86,6
27,36
83,81
76,50
14,45
87,4
59,72
10,52
16,7
56,94
3,92
19,15
56,1
73,33
99,88
90,7
7,69
71,89
27,26
40,48
0,25
98,37
27,100
63,12
81,0
93,78
16,11
1,65
60,6
72,92
38,37
39,84
67,71
3,99
21,84
17,60
0,50
70,83
2,66
86,46
53,73
74,24
57,51
61,72
94,71
84,8
65,79
95,97
32,6
18,85
26,11
82,55
89,39
31,68
26,69
52,94
69,91
87,92
86,88
67,54
7,9
32,67
38,91
38,82
78,68
89,40
0,83
91,40
54,57
96,4
50,69
83,27
61,19
93,85
69,38
12,95
46,49
3,45
32,34
47,53
93,10
46,96
30,10
74,86
65,57
49,100
24,23
60,18
86,13
82,93
22,40
16,50
11,45
38,85
48,51
37,80
3,52
23,78
39,74
56,92
75,4
62,61
55,67
55,78
26,56
99,58
52,2
7,22
23,27
11,78
97,59
67,89
28,91
78,28
26,41
72,78
38,29
50,32
39,37
51,46
47,51
0,83
3,63
74,43
79,63
15,51
55,65
33,64
58,53
36,50
55,9
36,31
55,66
2,24
17,65
1,15
25,6
30,100
88,4
73,30
15,37
51,91
68,93
26,47
7,18
37,16
45,36
14,15
80,58
58,45
18,96
98,27
90,74
33,1
34,100
97,7
76,25
12,82
29,68
86,59
74,13
84,8
36,61
65,19
10,98
3,80
51,28
21,27
6,0
43,51
87,40
36,3
3,7
100,83
14,60
73,28
59,56
30,78
64,74
54,66
52,16
61,46
51,11
32,24
29,59
83,69
53,40
6,71
78,39
74,64
73,42
13,56
7,42
24,17
100,3
48,15
36,89
93,80
5,41
71,0
77,4
21,96
75,90
83,1
21,100
93,65
42,9
9,72
61,14
30,84
60,89
45,49
1,43
44,93
17,98
39,45
58,84
49,70
53,48
96,11
31,69
84,60
11,25
31,29
11,18
51,79
25,53
32,85
13,87
6,23
31,61
10,34
55,16
41,73
55,92
39,40
19,94
2,48
61,54
8,0
19,88
1,15
79,32
52,65
15,92
52,78
33,62
93,2
19,21
67,13
4,91
85,38
48,61
84,17
71,57
25,11
86,25
43,10
87,67
78,7
13,98
26,57
74,61
91,83
73,53
28,68
31,11
16,15
49,86
2,17
49,84
67,38
62,74
34,97
75,75
96,60
34,53
65,79
42,8
51,97
30,58
29,43
77,48
66,24
66,33
24,86
81,87
79,98
49,22
46,16
77,43
1,51
90,89
9,34
45,96
91,44
23,15
94,22
39,73
29,30
43,61
14,57
48,100
26,69
41,52
87,71
37,95
30,88
20,28
27,3
32,88
68,79
60,15
70,54
52,50
42,29
37,46
25,43
3,19
86,28
42,8
53,58
49,14
54,51
54,55
53,69
57,28
81,100
10,99
32,98
4,3
28,95
46,51
72,28
81,1
66,91
46,1
76,3
31,48
64,60
81,46
96,22
39,61
55,46
1,6
15,78
100,48
64,100
56,18
24,34
73,93
44,37
42,44
25,57
85,56
61,13
48,33
97,87
59,13
90,87
8,69
91,65
67,46
46,10
96,44
92,72
66,91
20,41
5,86
9,48
23,86
51,18
24,92
49,94
42,37
73,46
13,41
5,15
42,63
13,99
22,18
37,74
55,11
42,67
2,47
52,72
68,89
40,58
100,92
73,20
35,29
97,62
98,77
22,68
28,46
73,74
51,33
65,78
64,78
52,54
52,89
68,20
35,74
99,91
79,45
30,21
45,37
91,39
19,94
31,3
17,79
86,39
64,23
82,53
18,89
52,49
51,65
0,54
2,4
70,49
72,57
58,82
7,20
25,82
7,80
1,17
26,17
78,34
48,86
90,65
53,91
13,65
7,21
75,74
29,34
60,38
70,96
13,25
0,52
14,55
82,85
79,43
83,2
13,86
40,20
50,83
79,8
1,85
16,25
59,84
31,16
28,22
3,61
39,23
69,13
46,50
96,92
70,37
99,27
34,80
14,37
100,57
63,98
46,13
60,24
11,53
42,54
20,10
43,58
55,98
35,80
49,83
66,59
63,92
22,31
38,29
7,67
67,41
37,67
73,86
9,15
95,67
97,62
23,96
37,75
43,91
24,55
54,5
10,67
28,57
56,93
28,11
28,83
55,99
81,57
12,41
91,54
69,7
43,41
31,3
15,13
68,7
91,54
87,31
67,37
76,26
22,23
36,61
78,67
0,51
40,54
2,71
33,43
95,26
97,97
60,29
59,77
92,40
70,70
42,14
2,3
48,62
30,71
72,84
16,40
41,12
28,88
60,52
75,36
97,99
25,63
9,29
67,70
48,27
66,11
56,38
33,65
82,42
68,67
21,74
77,10
52,22
76,57
84,42
44,52
78,27
5,90
67,8
100,49
54,96
24,72
80,32
86,49
96,48
82,6
96,54
30,85
10,41
83,77
41,34
34,27
100,32
66,61
29,8
36,78
74,49
93,29
66,49
88,100
6,51
89,61
50,45
55,21
56,58
14,88
84,36
16,33
45,20
16,53
36,72
46,70
48,1
98,23
1,74
13,63
66,8
78,27
67,12
4,6
75,86
76,73
41,51
16,59
36,12
40,44
35,2
28,53
90,98
21,38
79,76
70,71
83,100
0,15
20,66
22,53
68,19
41,30
10,77
76,2
82,76
78,48
75,28
46,75
76,18
89,14
89,34
75,42
87,64
56,17
27,56
7,73
30,75
50,27
35,8
8,54
76,51
52,84
1,47
27,90
82,8
58,95
56,70
87,63
10,73
58,41
77,30
84,63
3,91
47,61
74,31
82,100
15,84
31,3
67,68
22,95
47,87
19,13
43,90
65,3
53,44
28,4
0,66
44,12
79,40
95,16
56,72
49,13
87,81
77,2
96,60
33,53
57,89
32,72
37,27
83,7
17,26
95,83
41,71
15,56
44,33
100,72
2,61
41,97
51,99
96,57
39,49
26,76
78,82
90,71
82,53
45,46
57,96
39,23
82,56
23,0
82,17
97,29
27,30
66,13
74,59
72,66
100,68
37,57
35,59
82,13
57,91
25,23
72,75
71,100
66,28
8,74
29,38
19,45
77,38
66,66
49,66
42,39
13,77
74,77
71,55
9,64
5,50
82,1
87,51
53,5
88,47
83,96
14,71
43,27
78,60
93,46
52,64
34,78
79,53
28,44
37,53
60,54
88,16
65,51
30,100
38,46
3,89
82,27
51,83
66,88
44,62
86,7
62,47
44,34
43,56
89,86
33,12
75,50
93,87
6,4
73,6
71,69
52,13
63,87
47,3
49,94
64,0
77,64
84,86
28,31
75,68
77,24
35,73
4,39
83,7
83,35
86,46
24,58
84,68
44,21
0,97
14,57
44,90
35,74
41,2
98,83
70,49
31,17
86,84
68,47
68,95
40,89
39,65
68,83
17,28
39,55
35,83
92,39
57,90
85,95
88,50
4,51
76,31
59,98
84,35
97,2
32,40
19,43
79,80
60,73
88,10
33,80
0,58
87,95
96,12
41,42
38,46
94,71
13,23
45,77
28,50
21,37
8,78
8,75
70,6
11,19
54,46
13,55
47,20
99,1
16,49
62,30
62,96
43,74
21,26
29,68
15,0
60,40
3,55
43,63
21,91
86,29
10,47
95,67
72,56
5,91
4,75
48,77
12,72
28,6
81,49
25,5
37,70
8,53
69,74
8,12
52,72
68,11
39,46
92,95
5,60
67,5
50,93
49,12
26,91
14,12
96,24
85,51
80,11
71,56
21,92
8,25
73,14
9,68
85,16
23,95
65,58
93,45
82,19
93,10
0,0
13,31
15,34
1,44
43,63
57,89
97,94
59,69
61,42
33,62
62,54
67,10
59,67
87,10
18,8
10,23
32,92
41,80
48,22
25,94
65,49
100,41
80,54
91,38
12,77
57,76
5,41
16,69
21,92
72,50
22,46
28,11
12,59
1,38
86,56
5,97
58,90
46,82
75,62
80,23
43,11
18,8
96,95
0,76
81,69
19,8
70,44
31,67
50,25
61,28
56,100
69,42
61,65
13,69
22,94
64,96
29,59
84,58
0,33
46,67
52,77
67,47
9,38
64,58
24,23
14,12
33,27
45,47
75,37
73,76
18,33
13,88
13,67
45,29
77,2
100,48
67,91
9,31
13,4
27,18
89,57
31,36
91,74
29,81
60,43
18,95
77,81
70,48
23,87
26,9
85,11
59,51
84,68
53,12
34,11
73,31
97,6
26,96
55,94
14,1
36,11
94,29
100,23
17,65
33,26
97,29
21,100
84,7
68,41
30,27
19,35
53,40
62,48
83,18
37,72
77,76
41,18
73,100
13,98
67,0
75,21
28,59
30,88
80,30
14,65
47,45
68,37
12,0
64,54
68,24
39,43
84,47
7,42
28,97
38,82
0,32
86,47
46,48
25,35
10,45
68,73
83,99
38,65
37,70
75,38
87,81
71,46
0,58
46,7
52,22
8,70
72,55
84,71
36,24
98,17
46,6
84,64
19,14
71,42
53,46
27,35
33,75
77,61
3,91
24,16
90,85
90,39
77,24
10,50
70,31
23,94
53,25
4,10
34,79
22,13
98,68
10,1
76,11
100,33
30,51
11,87
93,37
45,73
39,50
53,91
89,32
80,71
84,98
44,24
80,89
92,23
78,64
100,42
59,41
35,25
15,75
25,17
81,88
34,33
3,58
18,67
97,43
97,29
72,77
57,79
70,66
93,97
20,67
83,71
6,90
66,45
14,29
78,41
95,58
73,64
87,0
69,46
88,34
10,53
77,88
59,21
76,87
85,72
54,80
28,63
44,36
41,91
37,72
29,63
87,91
70,18
48,5
9,59
2,9
66,13
19,40
28,68
16,30
45,26
1,20
26,74
87,1
92,55
44,70
19,49
47,75
56,93
2,48
13,54
29,55
88,3
32,44
9,70
90,64
6,27
84,37
74,47
51,100
63,36
51,53
86,84
63,14
33,53
60,19
72,88
74,4
24,49
77,86
69,49
15,47
16,58
12,89
68,53
62,57
4,92
6,14
5,7
98,43
16,71
74,89
1,26
58,28
87,82
78,38
68,53
96,45
86,97
83,60
77,66
67,18
5,58
75,89
74,6
62,74
91,73
3,70
45,47
70,83
27,86
74,27
25,90
7,62
2,12
45,26
81,78
36,19
45,60
95,15
6,86
9,65
41,4
82,52
7,20
65,44
22,50
9,51
61,47
43,3
26,76
32,52
86,58
32,45
26,86
76,22
59,36
9,8
48,76
34,75
12,18
64,10
93,87
14,86
78,63
52,85
30,94
23,68
65,52
31,76
63,7
97,38
91,15
47,29
99,33
40,76
77,5
82,51
54,50
46,95
9,16
72,85
56,19
33,29
12,2
77,92
21,3
2,91
72,58
57,57
24,7
38,52
17,54
76,37
74,90
80,60
13,62
30,54
18,49
26,75
46,75
64,35
56,98
72,13
94,32
99,90
60,56
80,17
90,85
34,60
50,66
83,92
62,53
94,87
4,5
86,19
22,74
71,43
46,53
32,79
33,93
92,0
90,58
15,81
17,30
59,82
70,47
15,93
82,25
29,34
64,25
12,77
12,16
60,66
98,28
76,59
71,24
62,83
0,20
14,96
4,42
14,82
17,21
7,65
17,45
56,56
53,9
48,66
90,1
36,54
82,28
31,81
8,11
75,17
42,92
66,77
39,59
7,35
39,67
54,90
93,60
23,79
12,51
27,24
83,100
55,2
16,18
51,3
89,20
61,0
64,84
86,57
44,62
6,38
63,86
94,79
33,85
79,58
43,43
33,76
55,16
37,7
100,64
67,3
44,75
20,83
79,56
64,41
78,68
74,62
87,15
35,4
72,57
97,88
65,49
74,40
83,44
77,9
84,67
89,29
46,21
18,98
65,92
14,100
62,17
80,13
95,82
62,48
27,73
90,34
1,95
70,17
76,67
72,9
88,66
67,33
82,49
80,100
76,92
15,42
55,35
21,93
82,12
24,17
53,52
3,9
72,48
12,74
22,40
69,54
52,71
30,98
96,20
42,22
87,100
18,32
85,76
79,59
98,34
35,66
34,10
67,6
60,20
39,80
79,70
55,93
26,90
73,63
17,44
25,65
58,54
5,8
28,59
5,2
8,67
83,88
9,37
76,79
22,35
11,17
82,21
21,6
53,65
18,65
50,15
22,18
93,68
67,96
58,39
3,71
7,99
71,11
80,23
87,8
99,31
80,60
77,47
85,10
17,62
93,87
63,46
50,78
53,36
49,29
16,75
55,32
95,91
56,13
91,75
56,97
83,35
2,43
25,97
43,18
48,97
89,100
100,91
54,8
23,87
3,3
59,76
16,0
69,57
57,26
7,96
13,93
39,93
2,32
34,83
30,89
13,43
12,28
37,7
2,75
10,50
57,4
47,94
53,5
14,20
21,35
72,65
2,84
29,4
54,4
37,5
95,34
31,20
13,27
84,62
91,45
56,56
89,16
51,5
23,87
80,97
16,72
100,19
59,12
1,54
30,42
4,52
10,80
77,24
48,57
45,69
62,10
59,96
13,42
32,82
68,36
2,82
93,60
100,86
53,67
98,55
49,91
41,25
80,82
57,75
30,25
97,61
67,84
74,42
83,24
91,61
7,80
17,23
82,20
9,66
7,92
46,68
42,73
88,25
46,42
21,0
0,63
65,27
26,100
3,45
42,91
43,62
85,13
64,90
38,24
100,68
68,87
15,61
83,29
89,78
44,73
13,72
59,7
9,78
52,81
60,4
61,9
28,72
28,51
20,64
92,69
34,63
48,84
33,19
31,33
16,29
94,14
89,7
69,33
12,22
8,84
49,47
51,15
47,72
63,77
74,7
95,14
48,2
65,75
85,95
29,54
63,63
74,71
44,12
78,12
15,40
51,69
34,62
2,58
93,43
81,66
56,57
13,15
99,45
1,7
88,50
44,97
1,79
17,3
71,37
67,55
96,2
64,56
6,82
85,22
1,58
24,22
30,95
62,98
16,84
95,37
19,6
72,3
43,9
64,59
12,24
20,36
56,8
41,64
14,19
84,4
29,53
60,57
62,43
97,26
42,99
45,18
73,51
60,70
17,82
21,92
3,32
21,76
42,5
12,34
23,32
3,61
94,39
30,20
73,97
28,13
20,87
30,69
63,51
80,12
98,42
23,5
76,26
22,85
42,15
33,75
48,57
68,51
6,84
52,1
42,65
60,17
90,21
69,74
43,97
99,22
42,69
18,87
39,48
74,14
64,31
89,41
17,51
25,75
45,33
83,41
75,70
31,22
57,81
51,21
86,92
48,65
18,31
59,30
51,17
64,58
7,51
80,50
5,19
90,38
67,99
31,37
34,93
43,91
9,0
65,63
10,19
96,49
68,44
86,48
92,57
79,71
85,40
3,12
28,45
51,37
63,45
71,77
1,78
79,13
77,0
88,53
26,46
10,27
87,100
52,58
4,98
36,93
12,24
92,80
27,81
16,64
57,22
11,22
50,92
4,73
25,73
35,1
67,93
33,81
32,9
68,95
18,65
0,82
71,5
36,75
78,35
63,49
6,91
92,42
66,28
36,22
78,94
8,59
7,29
51,31
28,75
91,36
92,23
50,34
33,55
3,20
5,3
2,51
53,13
38,87
77,24
19,36
24,54
19,68
90,80
36,9
84,57
1,25
95,19
46,89
59,28
2,77
82,45
45,46
62,99
14,79
24,4
86,100
6,38
37,66
55,18
40,32
44,23
82,62
87,80
2,95
25,1
6,47
4,86
3,82
70,32
46,79
91,6
88,31
77,36
36,95
8,30
62,39
90,18
14,23
89,100
38,39
7,84
25,17
69,40
53,62
51,99
17,57
53,67
0,63
57,85
47,37
74,52
2,28
80,52
79,10
22,50
76,97
35,39
71,32
23,64
49,17
29,86
74,77
87,92
59,58
58,83
6,80
19,55
94,17
74,32
23,95
56,7
52,65
20,7
24,78
96,73
46,41
50,56
6,62
21,8
44,22
6,91
41,33
73,79
32,43
76,79
53,92
80,70
23,78
70,100
46,54
70,58
13,38
7,75
56,42
45,18
71,70
40,12
34,42
84,20
21,22
93,42
43,94
57,7
82,70
9,44
83,100
23,1
98,25
96,61
98,73
13,72
32,4
41,5
23,9
71,0
100,52
100,100
66,16
78,69
93,69
59,49
17,27
67,21
9,92
97,52
66,90
30,62
81,79
55,4
57,0
0,95
3,14
16,27
20,20
15,99
54,19
91,5
20,67
14,97
79,67
89,48
87,21
27,17
32,35
13,16
3,74
38,4
34,58
0,26
73,71
88,51
89,66
70,64
41,42
71,33
76,79
88,3
85,11
91,21
69,90
73,43
64,60
18,9
34,71
62,52
96,34
22,81
95,27
89,16
19,35
51,17
66,4
93,1
20,59
84,95
96,68
85,43
84,41
4,54
4,14
88,1
82,60
19,18
85,35
84,53
31,29
40,13
80,21
35,8
90,72
73,56
24,41
41,23
23,19
23,52
24,30
6,40
91,45
6,65
23,6
23,84
25,39
32,51
2,7
8,50
87,54
74,0
92,55
9,57
56,94
54,76
60,79
83,46
56,29
33,52
94,75
46,38
69,83
17,78
47,89
9,87
76,98
80,13
27,53
1,77
59,19
100,68
16,48
53,33
62,9
68,93
23,5
8,93
44,12
35,37
49,49
20,0
51,62
12,10
46,17
2,77
68,70
45,40
75,66
10,47
85,18
13,23
16,8
96,50
68,76
46,19
26,26
96,7
48,0
20,21
41,69
45,63
56,90
5,18
69,19
91,82
23,70
80,25
47,72
59,87
49,7
30,69
65,41
20,57
97,76
7,6
32,90
31,52
57,37
72,9
99,77
18,28
28,86
32,46
71,64
65,55
10,61
37,17
5,70
86,33
79,76
92,83
47,56
75,32
65,33
16,68
96,65
98,8
27,39
51,21
10,66
35,54
74,76
29,11
59,99
42,86
55,47
43,74
91,27
55,50
3,20
14,57
90,39
33,85
36,73
48,73
23,71
89,42
22,14
72,43
26,14
69,48
1,59
44,46
97,70
59,72
46,73
81,6
88,73
17,73
25,70
60,71
14,81
82,10
67,27
65,95
2,5
58,11
77,7
56,44
43,91
76,36
100,64
82,33
93,44
22,88
60,38
32,88
70,39
36,49
62,49
37,12
51,60
66,16
61,32
4,45
85,2
76,87
97,88
27,67
25,28
44,99
12,28
1,62
17,86
31,53
69,46
33,86
48,11
27,82
86,97
11,94
55,93
88,68
56,23
86,4
49,44
14,88
48,45
40,93
59,13
12,68
58,89
68,82
31,97
15,80
96,28
93,25
67,0
0,88
10,64
83,15
47,81
90,80
56,48
74,58
27,60
90,91
5,71
79,65
90,60
57,23
6,89
4,23
8,94
18,44
9,31
96,96
45,77
91,43
83,6
88,6
44,29
22,69
68,59
71,63
91,14
39,72
37,54
88,3
76,28
57,59
90,39
59,0
89,24
13,85
72,63
56,29
18,29
67,62
36,92
22,68
44,52
11,46
40,94
33,25
24,53
63,69
49,61
69,12
10,20
80,57
52,46
80,4
88,33
13,25
99,95
30,84
90,36
49,35
86,82
23,72
31,43
88,64
43,92
91,19
57,2
92,71
68,26
86,14
71,56
90,48
59,64
60,41
18,64
81,66
38,32
48,29
82,15
76,62
20,42
39,66
28,72
92,84
6,82
55,77
42,53
31,92
46,92
28,43
9,9
56,39
98,46
87,70
3,94
62,32
30,99
28,5
76,75
40,90
49,93
90,18
92,99
84,22
42,78
18,63
86,26
41,80
99,58
18,71
86,93
34,12
73,17
94,31
28,55
38,83
85,44
18,34
37,28
67,13
73,96
16,0
35,35
50,51
14,22
93,68
72,2
38,1
19,64
75,74
65,29
69,23
73,54
23,98
79,41
6,91
79,36
84,44
30,100
5,39
20,65
63,33
11,64
40,63
55,98
68,47
3,71
77,61
40,73
6,74
51,21
45,69
2,67
82,100
76,86
95,3
2,76
4,63
0,55
39,23
88,73
88,68
35,91
22,93
36,0
16,9
36,49
6,57
25,16
79,92
86,23
1,8
90,45
51,32
94,55
31,68
21,34
45,31
61,20
67,48
18,41
91,8
47,36
72,83
96,85
27,64
6,4
72,55
97,4
35,35
93,10
56,94
70,90
45,57
25,94
89,13
1,87
83,0
99,57
42,40
20,62
29,2
29,91
83,61
44,76
95,70
21,59
41,52
29,42
51,89
93,66
85,23
65,17
57,73
87,39
58,62
8,50
70,72
31,1
65,24
81,85
73,49
74,47
93,75
35,81
36,45
44,76
14,45
8,75
19,43
90,30
15,95
84,84
30,54
51,37
58,86
75,32
17,68
4,32
59,27
69,3
40,53
51,87
55,17
31,96
8,58
15,65
3,34
11,78
75,80
59,90
99,86
11,20
36,56
83,24
55,59
22,37
78,12
68,27
40,72
35,88
44,92
88,85
80,82
33,99
18,77
64,40
80,94
34,81
68,52
76,60
18,57
1,45
44,91
3,76
1,1
38,1
0,28
57,2
6,13
22,57
74,37
55,74
78,27
6,49
90,56
33,7
41,20
11,83
40,87
12,11
65,7
28,69
63,2
27,42
33,41
64,84
41,67
46,9
65,56
83,28
82,21
64,21
78,79
26,87
4,31
65,39
45,50
76,47
74,29
93,52
63,19
42,96
90,9
0,18
25,73
63,1
30,80
29,55
60,48
82,35
48,1
2,8
48,60
90,53
43,43
9,2
60,25
96,61
82,8
94,6
44,38
67,30
2,91
10,36
1,79
34,42
89,89
6,33
56,12
81,75
49,80
50,28
6,61
56,74
97,35
87,37
85,92
8,20
84,30
59,92
27,6
4,82
93,82
60,23
53,85
10,65
37,57
72,11
70,55
55,14
25,19
87,43
13,62
4,91
59,75
15,97
40,47
65,52
74,2
100,31
61,37
48,96
61,14
55,27
21,74
98,52
22,45
45,95
63,81
84,9
29,9
65,54
100,53
2,71
11,51
81,54
14,66
17,92
26,91
63,87
56,78
1,69
91,93
16,35
71,96
52,38
84,97
27,20
86,88
24,3
95,27
97,81
39,89
81,82
74,20
48,28
24,64
87,24
22,38
23,60
40,44
18,13
91,7
83,46
17,90
48,74
85,99
12,82
46,10
31,90
26,73
54,79
55,24
45,98
81,71
89,59
52,28
4,100
72,89
78,6
5,25
11,81
39,99
48,93
8,100
72,95
52,19
85,10
9,63
1,15
41,86
96,98
56,9
82,100
48,9
0,76
86,31
31,3
4,25
71,54
47,30
65,6
57,14
68,48
50,93
32,32
71,80
11,84
15,46
40,59
22,29
79,12
83,28
53,14
35,63
8,8
4,2
33,80
37,84
15,15
22,64
45,20
84,86
66,27
23,35
13,35
44,17
44,44
10,80
2,37
98,91
24,52
30,48
39,85
95,60
42,54
44,41
51,39
100,88
1,98
65,51
17,66
87,85
97,5
69,37
72,59
100,42
98,60
32,65
34,76
52,54
69,69
70,80
64,13
2,34
73,2
53,53
73,100
99,53
63,55
75,76
10,81
88,72
63,95
63,26
49,1
100,24
90,17
39,49
23,23
2,83
80,99
97,53
48,11
72,40
67,24
93,87
26,41
89,63
96,96
63,75
84,85
23,26
71,45
8,82
40,90
36,42
43,35
65,42
54,37
33,8
22,21
72,39
3,77
15,70
11,62
41,5
28,8
89,49
99,27
25,34
2,26
37,94
79,95
85,14
86,2
39,46
75,54
54,31
23,57
47,63
36,1
21,64
48,12
67,29
74,4
8,6
3,63
11,98
54,96
93,75
93,93
40,89
28,50
5,1
68,6
76,25
31,9
40,35
29,67
44,30
7,3
79,72
49,34
0,25
89,82
6,36
31,37
95,24
54,100
77,43
19,89
4,98
41,62
86,39
59,3
13,31
62,38
21,47
65,57
17,97
80,22
62,17
92,98
73,23
44,91
34,16
71,26
38,40
88,43
4,55
81,41
8,79
42,30
37,0
89,32
33,46
15,42
4,100
100,43
57,22
14,61
62,90
47,34
13,20
40,43
49,94
47,43
71,34
18,27
2,67
93,97
65,17
66,7
86,7
85,17
87,98
86,99
83,10
19,19
66,41
3,66
8,34
86,57
30,29
93,100
33,55
41,7
55,72
65,86
10,50
10,72
50,82
48,71
72,76
97,71
27,66
11,43
27,20
28,83
80,12
77,87
17,64
45,79
83,34
98,59
68,9
46,1
80,8
13,90
0,42
77,57
29,53
20,61
63,94
67,77
16,14
21,14
16,79
78,71
63,57
91,90
27,63
92,65
30,86
79,81
11,86
96,91
62,38
25,46
90,21
34,35
47,75
2,37
56,100
73,98
31,55
86,15
17,89
68,90
77,0
22,79
18,51
82,25
43,4
21,3
26,40
67,73
82,93
79,76
73,58
77,67
90,11
46,28
59,48
70,8
89,7
5,32
77,95
95,35
62,9
68,79
7,61
32,45
12,19
75,20
19,60
16,49
8,84
53,2
38,42
60,52
100,46
6,61
68,75
42,33
77,34
10,34
88,39
95,94
48,72
14,34
54,59
32,17
65,19
16,52
77,82
72,35
68,92
73,11
31,51
12,2
74,64
54,15
25,70
86,38
20,94
4,68
90,54
99,70
4,2
99,11
67,66
93,91
2,94
65,89
55,56
52,20
68,84
72,25
62,5
59,64
82,9
28,3
1,61
45,73
10,86
78,53
3,11
82,32
31,61
10,6
3,10
80,88
23,87
13,41
27,94
34,89
33,55
51,98
78,98
82,83
33,64
45,50
22,21
75,41
34,67
25,17
97,81
74,22
33,20
44,17
11,17
72,43
72,31
31,96
71,42
55,1
45,23
10,99
1,85
19,80
21,46
7,62
48,43
9,78
54,16
99,81
99,88
6,83
31,87
30,89
23,75
31,53
96,67
23,30
60,92
61,3
88,77
87,78
99,88
47,7
42,73
33,62
98,78
22,12
12,58
34,23
5,96
45,92
5,27
79,95
88,79
19,77
80,51
88,77
51,47
4,79
83,33
78,22
42,92
61,35
70,20
64,10
73,74
26,20
54,80
69,4
90,27
14,8
2,78
72,40
83,47
46,60
21,31
19,1
94,40
50,19
92,0
20,54
94,45
97,65
25,79
51,89
26,98
84,9
94,95
87,29
31,27
0,11
98,7
99,12
20,61
8,39
5,63
22,65
84,40
10,12
29,63
75,24
33,44
59,57
26,41
93,5
9,6
83,67
9,78
76,23
97,93
60,50
57,66
41,55
55,15
42,63
8,40
89,64
64,55
49,44
77,23
49,31
66,97
51,15
69,100
31,48
92,34
31,27
35,49
26,91
6,98
41,21
45,36
19,88
45,90
60,89
44,41
70,99
95,1
1,75
23,99
26,100
38,53
17,92
84,74
8,0
58,94
7,92
70,1
20,54
76,18
95,14
43,80
14,72
94,36
57,48
50,53
98,6
90,48
50,66
53,58
72,15
55,71
20,96
98,67
39,55
15,15
85,59
13,8
10,63
80,62
65,89
38,54
52,2
75,21
62,47
81,59
33,25
45,89
56,11
9,1
7,66
11,17
17,26
15,70
96,52
57,6
70,1
22,30
11,51
7,21
80,30
99,92
46,16
33,17
30,27
11,42
44,55
74,7
56,66
85,78
66,38
10,42
83,32
5,1
70,97
29,97
0,43
36,54
26,82
14,32
48,80
32,29
46,36
29,57
11,81
81,90
71,99
81,71
97,69
2,36
24,65
51,45
7,28
29,82
52,56
67,62
100,96
90,25
55,30
87,12
16,48
3,73
89,19
68,40
95,29
19,95
53,87
9,24
36,92
62,57
62,72
1,59
70,36
53,59
78,3
0,2
99,4
60,93
20,24
2,95
15,56
83,27
26,67
35,46
36,23
6,63
42,30
20,23
0,54
26,86
78,82
81,99
51,93
65,44
67,60
90,93
88,47
90,32
12,19
98,34
61,86
34,59
6,26
77,59
46,91
23,56
47,49
8,60
70,74
18,31
92,37
59,92
49,68
53,39
96,91
35,51
76,80
90,25
71,73
11,17
4,57
17,83
6,22
76,62
72,55
81,41
16,30
7,43
98,66
94,97
9,39
43,60
100,63
95,32
43,91
42,58
15,34
49,62
50,73
6,46
10,39
75,0
90,88
50,40
72,57
85,3
54,41
43,54
25,21
31,6
1,76
61,100
90,46
50,35
51,70
77,58
49,70
50,11
18,78
11,77
48,32
22,17
41,13
53,91
8,51
96,43
81,35
78,58
39,14
46,74
70,55
27,53
38,65
6,70
61,37
78,78
74,19
78,42
72,8
15,89
8,37
76,45
10,60
76,28
43,0
100,77
93,13
93,84
61,82
58,66
56,86
17,81
35,54
29,57
33,8
43,30
3,57
89,16
81,62
19,39
77,47
25,67
21,27
58,52
20,78
46,17
21,17
46,95
62,20
11,0
88,85
92,34
18,37
70,78
3,81
60,23
1,35
32,83
53,77
55,74
86,43
26,19
19,47
100,25
98,23
23,87
33,74
62,74
31,88
34,29
8,18
87,71
26,39
70,23
76,42
21,18
72,84
1,29
44,7
20,59
96,13
50,98
38,15
59,65
74,24
14,72
59,7
33,43
41,19
61,65
33,88
89,96
56,61
27,30
0,52
63,80
35,50
51,39
1,80
39,14
55,47
59,17
5,32
44,7
16,14
36,17
9,13
43,18
89,23
73,95
21,99
100,44
98,92
65,43
57,64
36,44
59,6
95,20
86,82
52,99
80,21
9,25
61,97
25,70
9,90
26,35
8,65
63,98
51,7
8,42
61,34
9,3
17,97
70,95
62,99
79,31
62,16
82,88
1,50
94,32
99,81
95,99
87,65
88,53
90,90
38,35
89,71
67,72
21,43
74,80
11,90
26,69
2,37
49,63
99,75
12,17
31,42
80,0
88,85
33,76
85,29
21,49
82,61
40,75
18,43
63,100
11,55
26,27
41,54
48,93
6,93
69,99
61,71
24,0
27,14
3,5
5,53
14,1
26,55
95,85
70,71
38,89
79,6
7,52
64,32
64,7
75,70
87,47
79,38
12,47
39,30
98,57
35,85
11,25
31,80
41,79
62,86
31,86
56,5
84,69
4,62
65,44
65,75
92,79
80,82
75,25
38,72
4,72
28,43
53,73
70,6
4,66
8,21
86,57
70,61
69,40
96,0
64,43
75,23
52,10
72,45
89,73
30,79
42,34
8,71
45,72
76,6
91,36
45,83
65,85
71,19
24,27
34,33
84,16
95,3
79,81
76,92
56,51
53,16
16,3
9,56
63,26
9,88
23,64
6,22
68,98
83,59
94,54
43,23
1,10
83,59
40,55
92,22
65,43
100,22
3,33
1,46
98,99
5,56
65,19
50,44
84,49
13,41
67,23
50,93
36,0
29,37
9,46
2,28
55,10
65,2
65,75
27,73
90,96
31,9
67,65
79,100
27,11
46,70
48,41
25,19
64,83
9,96
50,6
1,28
83,93
70,55
24,40
77,61
17,68
71,94
41,15
85,27
71,7
79,59
19,5
96,50
15,95
42,12
67,5
75,31
8,87
19,92
77,8
2,98
46,61
10,23
4,60
40,82
41,4
12,72
59,3
46,8
1,5
84,68
53,17
97,50
16,98
24,85
93,85
49,49
5,97
17,47
100,76
9,54
20,23
74,98
30,43
17,86
80,48
83,30
100,61
93,48
26,41
0,48
8,51
87,70
95,35
75,32
45,28
78,93
11,86
1,5
86,21
17,13
10,3
64,59
26,8
69,72
43,68
35,30
1,97
21,56
13,99
30,47
4,84
84,18
64,94
46,85
17,44
53,61
24,98
20,37
92,14
73,4
75,49
46,100
81,8
62,93
42,81
45,72
90,42
87,74
69,98
42,42
44,45
70,98
74,87
39,68
36,20
2,2
51,11
20,75
61,6
11,16
48,8
88,2
21,16
80,52
4,4
9,86
67,5
93,33
31,66
59,89
75,14
54,19
67,71
47,67
28,62
58,44
80,45
56,34
1,25
76,89
83,78
7,45
19,99
68,52
59,23
40,39
76,64
86,33
59,52
24,44
0,67
26,89
9,76
99,2
100,82
66,49
48,20
23,1
17,8
70,100
84,94
86,67
75,76
24,97
84,5
77,4
92,6
98,22
54,72
76,82
19,37
46,52
57,74
92,40
85,78
19,38
87,77
98,77
13,55
13,20
42,68
32,12
43,23
91,46
66,23
6,72
19,64
46,85
75,17
47,94
47,86
6,15
67,15
100,58
63,23
72,43
52,27
50,88
31,56
83,38
11,32
70,46
84,93
59,36
66,44
87,61
19,35
18,24
80,95
18,10
51,26
83,7
85,22
9,22
9,30
43,75
30,22
93,63
100,68
32,36
68,6
72,15
84,50
57,58
0,22
78,79
25,91
72,74
49,79
83,64
70,58
0,21
72,48
33,48
83,47
81,12
86,91
67,57
86,62
17,32
29,34
27,24
51,23
8,19
41,93
82,19
26,99
97,92
35,99
72,77
60,20
96,45
84,30
85,5
41,86
15,95
79,62
63,29
25,83
38,31
84,52
18,75
81,76
60,77
82,4
94,78
24,4
49,11
57,38
14,29
83,11
46,56
47,45
47,9
44,86
26,26
50,35
35,86
32,36
9,15
5,71
53,20
9,19
1,100
63,81
91,82
15,100
73,69
64,64
72,50
68,25
69,34
14,37
31,27
76,51
9,55
62,83
7,61
66,73
23,72
32,43
100,89
13,52
76,95
22,31
27,67
13,21
81,67
71,12
60,81
12,48
69,8
9,12
62,72
78,33
68,34
42,17
79,71
95,15
4,92
95,41
36,37
92,0
29,82
44,34
47,46
61,66
5,19
80,97
71,75
13,87
55,22
22,22
50,85
43,12
94,51
81,76
21,19
15,15
87,8
37,33
80,12
38,85
52,56
35,32
75,9
14,69
31,33
36,90
91,49
71,50
24,24
56,54
83,93
48,56
9,89
21,51
51,59
67,30
35,15
29,66
80,16
22,58
0,31
0,55
58,48
15,94
26,23
16,59
40,13
55,99
20,41
14,49
33,11
14,29
85,33
41,85
24,50
91,89
99,32
45,44
49,6
60,32
67,11
37,58
42,42
90,90
34,47
76,72
52,72
44,2
38,59
38,74
47,86
56,22
54,37
64,65
77,81
70,20
83,80
88,31
30,53
41,49
62,94
56,40
75,25
46,73
80,100
99,22
41,18
14,8
13,98
79,54
70,48
15,92
39,7
97,69
21,47
7,53
9,87
80,79
33,16
55,12
57,61
29,68
43,80
46,46
59,91
4,82
88,32
40,70
32,50
83,6
11,61
26,54
46,62
78,61
21,90
59,100
57,49
19,92
2,2
48,50
83,7
86,88
21,42
65,80
19,2
53,72
74,29
79,49
74,20
65,8
26,30
93,93
12,53
80,83
13,22
69,83
47,48
56,79
99,82
74,72
48,11
86,67
90,73
28,97
0,71
58,58
83,81
84,14
6,3
28,15
82,49
76,83
21,14
26,80
44,10
20,29
69,29
98,42
53,93
68,4
47,91
35,67
97,9
54,75
87,11
28,10
77,48
5,71
82,53
74,85
35,20
59,88
7,24
78,5
4,4
95,35
49,33
100,2
9,22
49,53
86,64
80,49
26,48
48,13
98,50
67,37
38,44
36,30
62,83
84,31
91,86
1,6
3,55
51,69
15,10
38,88
63,51
19,77
46,41
87,24
12,37
7,79
34,36
67,26
77,43
76,29
68,93
87,59
17,57
71,49
94,0
9,27
5,74
19,40
50,49
47,1
67,76
55,91
91,71
57,13
8,80
34,49
45,76
79,60
13,52
88,79
30,23
72,41
88,98
56,82
20,80
25,50
27,59
95,60
88,92
52,59
55,55
92,55
66,8
94,57
50,37
47,91
92,79
36,3
63,13
12,56
77,79
88,73
43,38
3,82
34,25
59,91
34,86
84,85
59,68
10,46
18,12
38,2
69,0
99,4
34,98
45,79
19,71
86,24
64,21
45,68
44,94
0,93
29,25
64,42
22,34
39,89
99,70
85,38
27,48
35,1
60,23
38,7
88,73
62,76
64,65
40,50
2,79
23,96
36,75
74,52
35,44
70,21
47,89
56,98
78,10
89,65
30,52
65,33
5,68
75,17
77,65
79,90
86,38
49,35
39,100
50,57
81,13
73,42
25,64
47,74
89,91
61,87
32,19
49,78
61,91
81,17
79,87
47,99
82,57
43,14
88,4
88,98
80,11
58,8
32,19
0,96
84,57
89,78
82,2
27,80
20,57
26,5
61,49
15,7
83,87
24,95
42,88
2,55
40,81
36,41
83,54
12,24
6,10
31,1
60,32
73,68
94,60
93,7
73,2
35,11
89,78
22,13
33,84
24,26
51,68
5,17
27,61
64,57
52,60
5,23
74,81
10,64
42,16
98,32
48,77
89,42
82,89
42,55
61,78
64,71
54,45
40,88
88,38
23,35
43,25
92,2
8,80
61,31
45,65
82,52
34,41
8,84
39,60
43,29
23,61
20,67
73,84
2,31
95,11
84,91
24,96
53,20
63,28
35,86
36,87
44,51
45,14
31,58
90,25
40,10
100,0
43,64
68,57
72,92
23,45
49,54
35,14
41,97
53,91
89,84
71,31
28,96
95,45
67,25
7,73
38,23
86,23
86,35
7,49
53,76
72,65
2,30
43,67
98,72
85,93
24,1
97,75
91,76
43,27
66,3
71,1
18,2
45,55
41,95
40,90
100,53
1,34
92,67
94,66
77,18
26,84
80,86
29,62
85,72
56,30
53,31
59,23
61,8
32,22
13,74
37,37
76,14
44,59
77,72
65,92
55,34
4,37
12,11
51,96
55,2
4,10
15,11
85,39
71,89
38,15
40,72
41,23
61,8
89,33
78,72
44,84
0,71
70,79
40,6
36,53
5,5
43,83
89,28
97,95
19,81
56,3
32,21
75,7
11,50
48,56
100,22
98,69
84,33
26,5
11,29
87,76
45,89
5,42
35,51
56,30
40,78
75,5
21,0
8,1
23,41
94,45
57,72
52,61
43,95
49,61
71,45
34,68
87,30
46,23
55,25
100,46
55,56
80,87
99,91
100,71
69,58
47,58
51,92
44,73
80,48
52,42
5,96
97,75
6,75
93,28
56,28
78,26
91,51
93,35
62,90
40,5
38,1
50,80
17,20
24,8
75,61
95,60
72,92
74,7
74,20
97,76
32,78
40,97
59,77
46,90
40,67
74,49
57,23
28,62
62,46
11,50
17,91
53,96
19,74
3,38
37,67
60,74
45,100
47,77
14,64
50,47
16,94
58,66
73,12
47,18
53,1
1,51
33,2
54,28
6,40
57,51
29,85
95,29
72,32
68,97
48,20
19,38
66,15
23,48
22,30
81,7
43,40
78,97
44,79
53,1
28,96
63,58
3,57
94,5
50,57
57,77
64,65
65,3
86,42
48,12
58,4
63,56
79,17
10,58
63,98
45,84
56,21
68,57
20,49
73,91
49,64
60,7
19,54
9,65
68,43
5,56
38,96
77,12
68,71
79,52
42,70
86,35
67,76
71,62
12,21
80,67
10,4
40,92
0,10
70,5
76,35
19,2
6,82
94,95
82,51
88,68
17,91
84,40
49,92
20,6
11,67
73,92
19,32
92,79
15,53
89,12
83,48
42,75
50,15
10,50
21,11
86,9
21,81
13,75
11,60
17,7
94,84
44,73
83,84
46,93
44,96
41,41
24,29
0,1
3,26
6,68
22,95
74,25
77,9
30,56
62,18
5,66
58,76
28,99
99,62
6,49
90,83
73,87
22,1
54,13
97,66
73,74
42,62
47,44
92,14
11,68
19,14
98,68
50,94
83,77
47,16
43,67
41,55
72,82
9,35
47,24
12,25
50,53
65,79
97,31
14,96
54,47
29,63
80,27
22,65
6,44
52,28
52,63
99,38
12,74
51,11
70,22
24,13
35,18
58,35
87,36
20,31
10,22
60,82
17,92
25,2
96,59
40,17
55,90
23,39
57,33
46,11
0,8
46,91
96,58
98,95
28,74
59,73
68,42
98,84
81,0
18,100
45,40
27,28
55,37
86,73
17,12
4,1
87,96
17,28
68,56
50,80
35,87
32,33
58,61
73,81
37,99
41,87
53,20
76,64
85,8
50,59
58,25
3,28
23,78
71,8
33,96
43,70
73,73
38,0
96,64
65,20
0,53
0,36
59,35
1,71
32,4
17,58
79,63
5,55
23,94
56,5
9,84
79,35
81,91
17,24
61,9
31,68
72,6
88,87
4,14
57,96
44,55
33,38
25,69
94,73
27,84
75,78
25,78
65,88
48,60
62,19
71,89
59,8
33,66
27,7
88,1
57,98
53,75
17,91
98,100
50,99
28,51
0,25
97,51
92,12
60,78
15,70
57,16
65,62
23,99
71,43
34,99
29,85
97,10
75,57
32,22
92,50
43,47
40,9
34,72
76,40
45,49
54,12
53,92
11,58
24,20
100,88
49,44
2,72
16,61
74,30
34,54
36,97
5,100
35,30
68,9
44,15
29,81
91,66
8,58
26,13
63,85
88,46
5,37
17,34
44,71
73,6
14,15
94,1
41,29
31,24
4,69
77,71
51,76
61,37
95,53
11,54
21,12
89,20
97,62
88,62
3,60
33,88
80,12
92,22
96,45
83,83
88,10
50,86
25,80
41,40
38,2
33,20
43,18
81,53
55,7
22,69
89,0
12,44
50,38
17,37
87,6
99,55
79,97
32,88
45,0
22,66
33,4
96,98
23,40
5,29
19,4
67,4
79,39
88,2
93,88
78,45
88,74
54,35
51,80
33,12
74,16
95,74
18,81
27,94
56,26
98,8
85,66
29,49
77,82
75,21
23,23
71,41
11,61
95,51
8,64
65,4
29,0
0,28
99,46
83,60
2,49
76,28
5,83
57,84
91,71
13,73
30,24
43,85
12,60
15,22
1,19
52,54
23,65
13,20
24,35
54,63
84,41
12,83
87,77
14,42
3,26
77,44
76,92
40,77
65,69
91,8
14,94
87,56
11,24
66,6
38,91
32,96
52,30
19,65
14,14
93,74
98,62
53,55
18,100
58,93
18,96
100,57
47,61
90,33
15,93
40,80
50,28
21,55
5,29
2,97
52,54
42,26
75,43
33,96
81,77
7,97
64,94
0,96
15,78
93,23
31,84
16,100
88,34
59,88
84,34
73,57
39,56
12,71
30,68
97,19
26,5
3,88
84,45
99,14
36,23
45,26
97,91
37,55
63,57
83,55
16,56
52,12
99,98
60,23
55,14
46,57
43,16
28,48
85,55
36,87
48,47
50,52
21,82
76,54
78,91
65,37
50,78
54,11
63,49
4,91
53,39
47,75
26,18
43,7
21,36
32,80
25,89
89,33
45,94
29,66
40,48
13,53
44,49
17,78
18,46
45,26
25,5
98,52
99,7
33,46
4,15
56,90
19,46
62,99
7,16
58,71
84,60
98,7
81,42
76,67
85,25
36,42
70,18
44,18
57,62
68,99
0,65
23,89
50,47
51,35
38,90
75,25
81,53
45,89
6,18
62,76
7,36
26,95
81,4
50,100
67,94
18,73
76,70
89,8
86,33
50,86
40,72
2,31
94,99
79,86
93,7
78,46
0,86
95,48
53,58
78,44
11,47
28,84
40,100
24,13
12,28
34,78
3,31
27,34
69,2
48,78
45,99
34,47
1,27
38,97
18,38
93,96
44,32
69,58
60,50
53,3
42,30
94,47
48,69
32,31
6,58
50,55
23,60
92,64
37,62
16,90
29,64
64,33
55,80
82,3
80,67
35,39
67,82
54,76
16,43
70,74
16,60
56,59
38,0
57,4
50,7
7,0
58,71
55,8
55,38
0,26
60,57
95,71
37,76
2,85
10,75
42,97
11,57
87,57
32,73
54,44
76,61
97,63
49,74
0,22
76,33
14,87
72,68
45,49
74,91
70,49
45,52
54,29
80,60
35,37
75,15
16,26
97,20
77,62
5,0
43,72
35,17
54,41
60,88
38,89
14,57
55,54
86,1
39,10
79,48
41,20
100,54
79,61
1,37
31,52
99,98
22,56
81,84
47,68
71,61
81,34
54,86
23,12
51,57
77,43
94,33
50,87
76,16
74,66
48,49
4,76
13,51
1,76
31,45
57,39
70,82
27,98
96,92
97,14
51,83
28,7
48,34
11,5
63,72
88,75
63,84
38,36
94,36
62,3
30,70
86,22
13,0
45,66
30,71
60,97
30,85
26,44
39,56
72,60
5,90
63,91
0,44
50,15
70,16
75,40
46,68
28,9
96,57
62,50
87,36
100,41
28,95
60,83
31,98
19,49
67,84
89,74
56,79
17,23
52,73
18,56
8,85
9,79
1,21
59,11
71,48
28,54
44,100
97,13
22,57
98,93
83,17
28,68
24,57
90,52
34,77
68,25
32,97
75,57
9,49
86,69
71,96
14,73
62,88
13,91
2,28
11,83
1,12
31,15
64,93
82,88
61,23
91,68
34,91
27,20
49,41
74,98
93,86
51,0
12,43
74,28
67,76
95,9
38,12
86,23
94,50
49,81
6,39
79,57
11,3
24,42
56,8
90,93
36,79
86,62
37,51
42,48
15,9
7,36
70,57
52,9
26,77
56,62
88,66
30,43
75,33
37,29
2,82
94,62
63,24
87,49
3,11
54,24
78,28
53,59
70,7
89,89
60,65
17,3
54,15
19,40
94,86
0,47
40,47
87,5
80,51
83,81
58,1
57,56
32,41
45,5
20,28
52,78
60,50
74,5
49,9
99,80
53,93
76,96
53,37
87,59
19,14
15,19
8,76
90,68
62,82
20,4
8,7
72,0
39,46
1,98
8,84
13,53
20,40
2,4
72,59
47,81
46,63
59,72
20,45
40,61
98,28
80,25
72,0
2,79
76,81
47,14
1,37
43,31
78,95
81,16
44,24
8,3
6,93
85,6
49,87
59,77
25,66
60,47
83,67
20,47
3,48
5,46
38,94
42,16
24,55
89,15
4,58
91,63
40,24
29,8
23,39
77,51
67,21
71,77
91,39
90,45
15,90
95,19
45,87
52,62
37,55
63,7
79,58
73,8
25,3
83,45
93,21
42,53
80,6
86,84
71,77
83,9
32,55
100,48
65,75
53,44
42,28
10,22
17,55
54,94
76,57
45,99
57,17
30,100
73,4
18,8
66,13
19,24
33,23
11,32
76,62
26,88
61,14
0,26
57,48
72,82
39,46
75,32
95,15
74,48
2,16
9,33
84,92
38,84
79,94
7,99
62,72
73,50
92,19
89,38
45,41
75,79
71,81
80,54
77,40
88,5
44,10
38,11
12,69
65,63
29,0
88,4
31,38
68,88
30,3
24,57
12,88
88,7
45,51
89,35
27,60
44,44
38,1
82,40
45,5
90,3
90,61
39,54
96,69
3,13
44,99
5,96
99,8
25,64
61,69
28,33
15,69
50,3
97,25
51,44
94,2
41,3
14,81
65,61
19,60
99,81
47,54
79,21
70,71
68,75
4,68
8,19
81,97
7,44
100,43
61,0
0,26
68,52
29,59
28,38
42,60
66,2
23,86
85,16
21,38
43,80
22,84
66,1
63,28
82,31
76,42
69,19
29,74
60,99
25,61
38,80
79,79
61,49
100,50
45,46
5,71
86,32
0,52
87,77
4,88
0,15
51,58
34,87
22,17
5,36
37,72
18,53
100,23
94,92
2,14
85,85
66,12
93,86
60,39
79,100
57,81
2,24
90,53
89,82
40,68
99,22
61,74
36,18
50,42
66,79
72,23
8,25
63,61
44,4
92,63
44,76
73,41
80,13
24,0
64,6
67,56
11,53
53,76
10,17
99,91
61,24
72,30
21,77
53,27
22,75
71,97
6,9
71,79
100,5
7,48
79,40
64,52
43,55
47,8
39,28
60,58
20,71
20,75
62,33
67,59
20,89
1,39
37,2
100,78
24,99
83,6
20,91
49,34
100,32
90,78
5,17
40,80
93,91
8,57
7,3
27,10
40,31
14,10
68,91
43,31
71,100
16,89
37,100
63,89
71,5
19,95
1,98
42,20
74,17
62,32
1,65
94,89
1,96
63,36
55,4
56,100
73,81
97,2
30,97
45,51
72,31
89,22
32,76
95,100
44,11
29,84
52,26
36,4
70,31
34,86
23,76
66,54
51,40
12,15
33,63
61,99
32,29
83,88
5,55
12,7
51,90
46,91
38,21
63,71
49,58
13,51
62,72
41,6
26,64
26,16
57,48
21,82
25,44
40,11
21,42
67,71
46,10
26,0
23,64
20,92
58,49
4,75
42,88
49,14
35,18
26,3
78,8
82,40
96,69
14,92
68,24
78,39
43,58
55,100
95,30
55,44
1,10
18,48
65,76
17,86
18,50
51,77
99,76
27,47
30,4
53,40
88,56
57,49
100,80
94,100
50,12
11,97
35,13
99,16
87,46
69,55
33,59
19,29
52,27
71,78
29,27
22,21
54,23
98,25
63,25
40,48
18,8
48,98
62,74
15,45
95,63
45,91
41,54
33,44
89,87
83,69
77,54
9,35
48,15
53,71
58,49
87,95
42,34
74,2
42,77
52,65
53,71
4,66
35,95
68,51
75,84
59,43
46,17
39,23
67,77
35,5
34,91
82,57
59,22
33,16
46,31
56,26
57,92
2,66
79,23
3,94
18,91
76,35
56,68
35,46
95,0
85,18
33,54
3,81
94,33
45,18
99,79
67,31
81,57
82,68
72,43
93,80
68,25
92,86
7,91
3,28
34,22
92,66
11,88
24,76
40,46
6,65
74,47
98,76
29,42
12,3
69,65
47,64
41,81
69,94
1,79
17,24
98,41
53,52
75,7
7,28
29,61
28,46
87,79
2,65
9,81
78,53
14,21
0,17
17,43
97,21
50,84
59,65
51,82
71,47
90,44
77,68
98,5
40,49
96,33
77,21
39,10
86,89
66,54
7,93
76,71
68,81
13,18
94,94
25,94
35,14
72,61
38,54
28,10
40,39
22,73
98,16
58,28
6,7
75,18
59,13
25,73
24,65
82,35
91,81
36,41
90,47
43,19
89,36
78,95
80,75
35,70
44,6
69,50
64,41
44,36
91,92
32,95
100,52
33,72
44,66
52,50
96,96
63,92
61,62
97,100
71,55
56,65
26,4
47,27
30,57
76,42
94,60
16,36
68,30
100,24
0,43
95,49
75,49
31,85
12,5
44,1
12,36
69,69
2,22
78,54
19,17
20,61
16,33
100,87
60,29
96,60
20,69
80,60
90,55
23,91
99,2
73,84
63,89
33,36
15,92
20,51
78,2
72,57
26,28
91,35
89,32
18,77
37,84
74,19
34,63
56,26
11,94
5,16
4,99
18,23
82,38
72,7
53,63
95,56
18,12
92,17
77,84
17,53
33,92
72,4
37,81
78,79
76,100
92,80
36,79
31,34
32,76
74,51
50,80
61,56
61,58
84,69
19,26
90,12
81,79
73,81
52,93
82,20
28,26
47,54
90,62
18,70
60,31
8,48
60,36
38,75
22,35
20,7
67,26
100,62
43,1
29,66
7,76
62,47
15,59
74,78
56,36
34,100
0,74
76,23
64,26
26,27
38,61
92,13
22,88
25,87
14,8
28,24
65,98
22,16
71,10
81,89
74,25
76,42
80,50
94,21
11,15
42,9
41,39
58,27
40,58
90,83
54,6
52,20
85,10
95,90
23,97
80,78
57,89
75,13
32,24
11,1
14,81
72,6
93,61
50,67
2,55
86,42
81,65
39,36
72,25
78,46
40,17
53,30
69,98
51,6
35,99
31,49
11,56
66,68
23,3
48,9
56,81
33,4
85,34
37,40
23,62
67,4
86,10
9,45
32,50
58,82
79,8
15,90
44,92
68,74
50,17
64,11
13,21
91,54
90,87
20,12
34,23
35,40
80,56
45,94
32,46
48,77
87,4
10,88
53,35
14,68
84,94
55,99
24,27
74,15
36,67
41,46
68,97
49,43
62,29
36,61
48,28
26,74
64,73
3,61
35,97
73,75
73,77
39,29
91,0
39,87
22,53
51,27
21,33
43,100
52,4
59,58
39,13
22,75
13,57
18,20
26,82
58,33
66,24
57,50
25,67
11,100
1,32
5,4
20,14
70,86
43,7
66,81
22,8
23,54
35,40
24,76
74,36
23,2
7,13
50,69
32,29
34,75
88,90
26,93
49,39
34,42
13,76
38,50
45,30
81,84
69,38
75,8
60,70
84,72
81,19
32,82
62,83
67,25
94,40
43,72
3,64
39,15
23,97
2,37
18,50
93,25
53,62
63,91
38,90
16,90
31,57
24,13
51,32
33,54
47,11
93,76
37,33
17,59
23,48
0,8
55,0
21,87
59,27
9,67
40,83
31,11
66,99
75,24
96,66
65,99
7,30
52,65
22,80
76,18
69,1
68,90
89,78
23,1
84,63
64,43
5,45
69,28
63,99
97,21
19,75
85,33
93,52
91,3
74,23
12,77
24,54
15,88
61,93
50,88
45,44
50,29
52,14
4,68
82,12
13,14
49,100
45,79
30,22
20,41
17,85
0,79
80,73
94,84
65,79
8,22
71,50
98,52
86,55
38,74
11,9
88,86
84,98
91,35
35,85
44,80
21,26
59,67
22,63
73,5
28,62
49,68
33,51
10,42
96,51
59,84
39,86
83,32
83,50
56,40
62,64
95,5
37,32
10,49
29,15
3,49
18,24
16,55
47,78
6,19
32,36
70,7
69,45
51,88
48,51
100,71
50,81
91,92
75,80
63,69
83,32
59,36
67,55
15,56
94,52
65,11
41,22
39,37
49,69
8,94
78,21
16,15
77,43
71,66
60,14
50,88
99,81
94,95
96,67
56,43
78,16
16,21
58,96
51,93
55,83
21,78
19,52
95,39
50,39
58,85
53,59
45,81
58,66
60,55
0,89
82,37
2,59
16,48
88,27
36,90
57,45
93,14
74,11
56,3
10,42
64,22
95,60
59,36
74,19
81,1
92,83
30,83
98,18
57,14
18,89
10,48
90,48
85,81
46,98
40,76
34,28
35,80
96,43
55,55
27,86
10,0
40,23
49,98
12,20
14,11
2,78
13,98
24,35
94,79
55,79
95,37
33,69
36,48
68,97
92,84
22,77
93,95
16,90
28,32
64,39
38,58
85,0
76,59
13,5
19,72
86,70
79,82
78,87
64,11
50,83
88,68
13,44
8,74
55,98
56,10
80,76
62,71
15,41
12,27
54,37
25,42
4,57
78,47
20,57
0,54
7,56
89,30
34,17
60,40
1,91
68,17
32,17
99,57
98,14
92,71
34,79
7,75
17,92
5,65
97,22
1,16
51,83
28,93
71,47
68,17
22,57
31,32
88,34
46,10
67,94
93,63
82,62
0,65
39,87
12,15
69,42
33,11
1,6
2,91
31,47
49,68
83,46
100,85
83,6
27,15
66,69
83,89
46,20
94,43
7,67
15,40
86,50
79,26
31,65
92,22
99,98
89,60
64,58
76,96
85,98
51,46
79,16
35,61
51,50
97,57
49,92
62,92
17,39
77,88
56,15
10,48
96,90
85,13
40,67
33,28
24,7
75,100
49,35
38,51
59,62
98,78
99,38
96,48
27,96
54,99
58,71
90,18
72,53
22,67
55,87
63,60
27,44
22,19
23,75
64,17
10,80
28,64
50,58
46,99
77,30
85,70
53,35
50,59
78,94
3,53
68,91
64,37
3,39
43,32
9,8
49,33
90,28
63,63
4,79
91,0
16,70
18,10
71,49
34,55
34,89
24,96
57,73
3,91
58,41
60,49
71,41
88,76
15,16
95,10
17,90
17,82
89,51
21,62
60,90
1,99
24,36
27,64
47,85
33,40
17,99
9,21
57,98
54,65
87,50
61,91
58,0
89,52
57,62
96,58
66,79
67,86
74,36
58,50
23,64
98,93
47,40
1,3
87,6
95,79
88,95
25,85
42,99
95,27
40,37
77,29
2,60
58,25
55,35
87,36
46,5
11,22
21,37
54,55
43,39
14,26
49,26
95,10
31,91
78,63
56,83
61,15
37,27
57,14
70,68
57,6
34,19
56,64
88,3
94,100
35,10
73,87
47,32
41,0
61,71
85,47
6,47
32,73
12,32
51,5
14,9
81,30
88,11
46,24
58,79
13,52
90,16
57,11
65,9
81,31
79,75
66,42
34,5
20,38
4,34
78,76
63,76
88,45
4,34
78,74
54,91
83,38
95,80
7,13
22,6
75,34
86,9
16,52
25,51
31,49
88,2
38,68
21,22
37,21
42,20
52,51
5,94
2,90
81,60
68,16
43,65
69,38
3,67
85,18
93,73
24,50
49,9
15,51
80,58
52,68
89,99
47,50
40,90
0,94
92,22
6,5
18,1
31,20
92,41
77,74
28,42
52,34
81,0
1,33
5,54
98,1
48,70
47,47
28,17
62,10
55,4
41,57
28,48
78,63
44,50
96,44
28,79
54,86
23,61
41,59
64,83
5,20
19,22
51,43
34,97
56,29
90,76
78,68
3,77
30,22
84,55
70,51
31,87
89,82
83,54
44,72
65,44
97,36
17,97
88,43
90,65
76,64
76,42
46,62
98,5
74,71
88,40
27,82
32,41
21,45
16,3
78,33
6,79
46,34
86,72
8,0
97,80
99,38
40,23
69,93
24,44
2,52
1,32
56,70
75,23
23,5
74,16
17,12
54,24
5,51
12,13
36,11
3,82
10,61
85,35
94,94
91,10
10,49
9,33
32,47
45,95
14,23
96,73
82,59
17,39
7,5
31,33
96,5
10,7
16,59
70,71
65,93
18,77
28,49
49,79
93,21
0,22
0,49
21,2
66,33
91,42
52,99
22,34
71,52
42,52
20,88
87,30
52,60
71,60
42,44
51,14
99,41
35,67
11,100
30,33
55,73
47,46
68,25
16,56
58,96
92,10
100,58
23,97
39,8
23,78
33,100
32,25
5,52
58,100
44,55
51,59
71,84
47,42
37,34
46,19
55,45
1,89
33,26
37,16
9,3
12,47
53,7
6,13
0,1
40,91
81,69
15,71
66,68
44,42
44,79
27,22
19,28
62,70
97,66
60,72
81,68
63,43
12,82
52,52
44,44
61,57
0,9
90,61
87,8
22,41
2,16
88,87
37,91
57,74
39,7
24,43
69,1
22,82
78,34
14,77
98,15
3,78
96,93
16,20
82,77
99,36
54,67
23,26
44,48
65,38
78,87
34,46
48,14
64,62
78,12
42,6
91,32
82,99
100,52
44,45
47,99
26,41
46,79
93,3
21,75
12,100
44,36
5,97
91,90
23,78
55,32
91,75
79,66
100,48
100,55
30,83
12,66
92,88
58,88
24,51
16,0
19,96
87,36
83,51
53,0
12,77
23,66
75,78
47,98
70,90
37,34
42,50
59,97
44,9
90,55
30,40
64,90
67,67
49,45
66,59
46,73
37,55
78,37
12,51
75,14
80,83
49,79
22,19
70,6
51,34
24,83
23,7
63,2
88,35
26,54
37,27
53,82
41,71
98,29
87,60
53,96
71,63
39,18
42,95
82,66
7,52
7,15
76,83
52,16
11,100
3,12
82,40
1,96
92,69
99,76
45,29
7,7
7,87
55,90
48,20
69,60
91,32
26,88
7,81
16,32
20,38
0,17
33,34
38,98
42,77
38,14
42,74
30,0
41,12
16,50
11,17
77,55
23,75
20,26
83,29
27,7
27,4
91,16
32,37
70,49
88,76
77,15
37,30
30,79
68,13
70,73
38,3
24,57
100,76
60,100
48,82
8,23
29,37
23,6
34,8
14,39
73,2
33,38
61,93
56,33
9,70
52,93
16,99
59,25
55,73
37,63
32,98
66,17
20,20
34,18
2,26
67,15
63,5
12,69
17,92
40,39
77,98
17,98
97,20
27,7
32,62
48,39
56,69
58,69
24,50
85,93
48,14
18,16
60,84
27,2
92,79
53,58
90,14
23,96
24,39
6,59
45,29
33,43
0,38
86,56
76,56
9,33
13,32
25,99
29,25
46,29
100,41
22,35
59,72
98,58
53,100
87,10
44,18
78,82
94,32
67,25
63,87
3,89
76,3
17,89
95,27
79,26
15,18
39,9
5,83
32,52
20,0
9,2
11,55
77,38
20,84
68,42
83,6
41,10
42,49
78,94
88,81
62,84
36,58
93,32
82,2
42,70
21,52
28,43
76,95
47,34
51,51
15,33
44,70
75,67
41,98
84,37
1,2
28,61
67,13
99,69
3,56
7,9
66,17
89,94
65,75
13,90
18,55
34,53
